<configuration>

    <!-- Set log level for Spring MVC -->
    <logger name="org.springframework.web" level="DEBUG" />

    <!-- Set log level for Spring Boot -->
    <logger name="org.springframework.boot" level="INFO" />

    <!-- Other configurations, if needed -->

    <!-- Define log output format and destination -->
    <appender name="STDOUT" class="ch.qos.logback.core.ConsoleAppender">
        <encoder>
            <pattern>%d{HH:mm:ss.SSS} [%thread] %-5level %logger{36} - %msg%n</pattern>
        </encoder>
    </appender>

    <!-- Attach the appender to the root logger -->
    <root level="INFO">
        <appender-ref ref="STDOUT" />
    </root>

</configuration>
